{"frames":{"Saveegg":{"frame":{"x":0,"y":304,"w":380,"h":115},"rotated":false,"trimmed":false,"spriteSourceSize":{"x":0,"y":0,"w":380,"h":115},"sourceSize":{"w":380,"h":115}},"ArrowLC":{"frame":{"x":0,"y":0,"w":113,"h":114},"rotated":false,"trimmed":false,"spriteSourceSize":{"x":0,"y":0,"w":113,"h":114},"sourceSize":{"w":113,"h":114}},"Arrow":{"frame":{"x":301,"y":0,"w":250,"h":300},"rotated":false,"trimmed":false,"spriteSourceSize":{"x":0,"y":0,"w":250,"h":300},"sourceSize":{"w":250,"h":300}},"ArrowDLL":{"frame":{"x":151,"y":0,"w":139,"h":136},"rotated":false,"trimmed":false,"spriteSourceSize":{"x":0,"y":0,"w":139,"h":136},"sourceSize":{"w":139,"h":136}},"egg":{"frame":{"x":381,"y":304,"w":50,"h":50},"rotated":false,"trimmed":false,"spriteSourceSize":{"x":0,"y":0,"w":50,"h":50},"sourceSize":{"w":50,"h":50}},"sNest":{"frame":{"x":151,"y":137,"w":79,"h":32},"rotated":false,"trimmed":false,"spriteSourceSize":{"x":0,"y":0,"w":79,"h":32},"sourceSize":{"w":79,"h":32}},"nest":{"frame":{"x":0,"y":420,"w":483,"h":193},"rotated":false,"trimmed":false,"spriteSourceSize":{"x":0,"y":0,"w":483,"h":193},"sourceSize":{"w":483,"h":193}},"SmolDrop":{"frame":{"x":0,"y":242,"w":300,"h":61},"rotated":false,"trimmed":false,"spriteSourceSize":{"x":0,"y":0,"w":300,"h":61},"sourceSize":{"w":300,"h":61}},"Drag":{"frame":{"x":381,"y":355,"w":150,"h":52},"rotated":false,"trimmed":false,"spriteSourceSize":{"x":0,"y":0,"w":150,"h":52},"sourceSize":{"w":150,"h":52}},"move":{"frame":{"x":0,"y":115,"w":150,"h":74},"rotated":false,"trimmed":false,"spriteSourceSize":{"x":0,"y":0,"w":150,"h":74},"sourceSize":{"w":150,"h":74}},"jump":{"frame":{"x":0,"y":190,"w":150,"h":51},"rotated":false,"trimmed":false,"spriteSourceSize":{"x":0,"y":0,"w":150,"h":51},"sourceSize":{"w":150,"h":51}}},"meta":{"app":"https://www.leshylabs.com/apps/sstool/","version":"Leshy SpriteSheet Tool v0.8.4","image":"sprites.png","size":{"w":551,"h":613},"scale":1}}