{"frames":{"Feather":{"frame":{"x":762,"y":381,"w":438,"h":170},"rotated":false,"trimmed":false,"spriteSourceSize":{"x":0,"y":0,"w":438,"h":170},"sourceSize":{"w":438,"h":170}},"egg":{"frame":{"x":691,"y":1010,"w":50,"h":50},"rotated":false,"trimmed":false,"spriteSourceSize":{"x":0,"y":0,"w":50,"h":50},"sourceSize":{"w":50,"h":50}},"No5":{"frame":{"x":762,"y":872,"w":130,"h":149},"rotated":false,"trimmed":false,"spriteSourceSize":{"x":0,"y":0,"w":130,"h":149},"sourceSize":{"w":130,"h":149}},"No11":{"frame":{"x":0,"y":536,"w":232,"h":349},"rotated":false,"trimmed":false,"spriteSourceSize":{"x":0,"y":0,"w":232,"h":349},"sourceSize":{"w":232,"h":349}},"Seagull1":{"frame":{"x":391,"y":724,"w":188,"h":48},"rotated":false,"trimmed":false,"spriteSourceSize":{"x":0,"y":0,"w":188,"h":48},"sourceSize":{"w":188,"h":48}},"Seagull2":{"frame":{"x":233,"y":802,"w":234,"h":79},"rotated":false,"trimmed":false,"spriteSourceSize":{"x":0,"y":0,"w":234,"h":79},"sourceSize":{"w":234,"h":79}},"star":{"frame":{"x":621,"y":802,"w":40,"h":43},"rotated":false,"trimmed":false,"spriteSourceSize":{"x":0,"y":0,"w":40,"h":43},"sourceSize":{"w":40,"h":43}},"tear":{"frame":{"x":691,"y":886,"w":64,"h":123},"rotated":false,"trimmed":false,"spriteSourceSize":{"x":0,"y":0,"w":64,"h":123},"sourceSize":{"w":64,"h":123}},"Trash":{"frame":{"x":762,"y":196,"w":408,"h":184},"rotated":false,"trimmed":false,"spriteSourceSize":{"x":0,"y":0,"w":408,"h":184},"sourceSize":{"w":408,"h":184}},"X":{"frame":{"x":418,"y":886,"w":167,"h":186},"rotated":false,"trimmed":false,"spriteSourceSize":{"x":0,"y":0,"w":167,"h":186},"sourceSize":{"w":167,"h":186}},"LightA":{"frame":{"x":586,"y":886,"w":104,"h":176},"rotated":false,"trimmed":false,"spriteSourceSize":{"x":0,"y":0,"w":104,"h":176},"sourceSize":{"w":104,"h":176}},"LightD":{"frame":{"x":233,"y":536,"w":157,"h":265},"rotated":false,"trimmed":false,"spriteSourceSize":{"x":0,"y":0,"w":157,"h":265},"sourceSize":{"w":157,"h":265}},"LightF":{"frame":{"x":496,"y":0,"w":265,"h":513},"rotated":false,"trimmed":false,"spriteSourceSize":{"x":0,"y":0,"w":265,"h":513},"sourceSize":{"w":265,"h":513}},"Lightning":{"frame":{"x":0,"y":0,"w":495,"h":535},"rotated":false,"trimmed":false,"spriteSourceSize":{"x":0,"y":0,"w":495,"h":535},"sourceSize":{"w":495,"h":535}},"Line1":{"frame":{"x":1216,"y":713,"w":19,"h":96},"rotated":false,"trimmed":false,"spriteSourceSize":{"x":0,"y":0,"w":19,"h":96},"sourceSize":{"w":19,"h":96}},"Line2":{"frame":{"x":1203,"y":872,"w":24,"h":111},"rotated":false,"trimmed":false,"spriteSourceSize":{"x":0,"y":0,"w":24,"h":111},"sourceSize":{"w":24,"h":111}},"Loser":{"frame":{"x":0,"y":886,"w":417,"h":224},"rotated":false,"trimmed":false,"spriteSourceSize":{"x":0,"y":0,"w":417,"h":224},"sourceSize":{"w":417,"h":224}},"nest":{"frame":{"x":762,"y":0,"w":480,"h":195},"rotated":false,"trimmed":false,"spriteSourceSize":{"x":0,"y":0,"w":480,"h":195},"sourceSize":{"w":480,"h":195}},"sNest":{"frame":{"x":418,"y":1073,"w":79,"h":32},"rotated":false,"trimmed":false,"spriteSourceSize":{"x":0,"y":0,"w":79,"h":32},"sourceSize":{"w":79,"h":32}},"No1":{"frame":{"x":1113,"y":713,"w":102,"h":111},"rotated":false,"trimmed":false,"spriteSourceSize":{"x":0,"y":0,"w":102,"h":111},"sourceSize":{"w":102,"h":111}},"No3":{"frame":{"x":1030,"y":872,"w":172,"h":122},"rotated":false,"trimmed":false,"spriteSourceSize":{"x":0,"y":0,"w":172,"h":122},"sourceSize":{"w":172,"h":122}},"bounceTop":{"frame":{"x":468,"y":802,"w":50,"h":50},"rotated":false,"trimmed":false,"spriteSourceSize":{"x":0,"y":0,"w":50,"h":50},"sourceSize":{"w":50,"h":50}},"characterA":{"frame":{"x":519,"y":802,"w":50,"h":50},"rotated":false,"trimmed":false,"spriteSourceSize":{"x":0,"y":0,"w":50,"h":50},"sourceSize":{"w":50,"h":50}},"characterB":{"frame":{"x":570,"y":802,"w":50,"h":50},"rotated":false,"trimmed":false,"spriteSourceSize":{"x":0,"y":0,"w":50,"h":50},"sourceSize":{"w":50,"h":50}},"ArrowLC":{"frame":{"x":999,"y":713,"w":113,"h":114},"rotated":false,"trimmed":false,"spriteSourceSize":{"x":0,"y":0,"w":113,"h":114},"sourceSize":{"w":113,"h":114}},"ArrowDLR":{"frame":{"x":893,"y":872,"w":136,"h":139},"rotated":false,"trimmed":false,"spriteSourceSize":{"x":0,"y":0,"w":136,"h":139},"sourceSize":{"w":136,"h":139}},"Bat":{"frame":{"x":923,"y":552,"w":256,"h":127},"rotated":false,"trimmed":false,"spriteSourceSize":{"x":0,"y":0,"w":256,"h":127},"sourceSize":{"w":256,"h":127}},"Cloud1":{"frame":{"x":391,"y":536,"w":370,"h":187},"rotated":false,"trimmed":false,"spriteSourceSize":{"x":0,"y":0,"w":370,"h":187},"sourceSize":{"w":370,"h":187}},"Cloud2":{"frame":{"x":762,"y":713,"w":236,"h":158},"rotated":false,"trimmed":false,"spriteSourceSize":{"x":0,"y":0,"w":236,"h":158},"sourceSize":{"w":236,"h":158}},"LeaveMeAlone":{"frame":{"x":762,"y":552,"w":160,"h":160},"rotated":false,"trimmed":false,"spriteSourceSize":{"x":0,"y":0,"w":160,"h":160},"sourceSize":{"w":160,"h":160}}},"meta":{"app":"https://www.leshylabs.com/apps/sstool/","version":"Leshy SpriteSheet Tool v0.8.4","image":"sprites.png","size":{"w":1242,"h":1110},"scale":1}}