{"frames":{"Saveegg":{"frame":{"x":0,"y":438,"w":380,"h":115},"rotated":false,"trimmed":false,"spriteSourceSize":{"x":0,"y":0,"w":380,"h":115},"sourceSize":{"w":380,"h":115}},"ArrowLC":{"frame":{"x":381,"y":438,"w":113,"h":114},"rotated":false,"trimmed":false,"spriteSourceSize":{"x":0,"y":0,"w":113,"h":114},"sourceSize":{"w":113,"h":114}},"ArrowRC":{"frame":{"x":251,"y":137,"w":121,"h":96},"rotated":false,"trimmed":false,"spriteSourceSize":{"x":0,"y":0,"w":121,"h":96},"sourceSize":{"w":121,"h":96}},"Arrow":{"frame":{"x":0,"y":137,"w":250,"h":300},"rotated":false,"trimmed":false,"spriteSourceSize":{"x":0,"y":0,"w":250,"h":300},"sourceSize":{"w":250,"h":300}},"ArrowD":{"frame":{"x":391,"y":140,"w":96,"h":121},"rotated":false,"trimmed":false,"spriteSourceSize":{"x":0,"y":0,"w":96,"h":121},"sourceSize":{"w":96,"h":121}},"ArrowU":{"frame":{"x":140,"y":0,"w":96,"h":121},"rotated":false,"trimmed":false,"spriteSourceSize":{"x":0,"y":0,"w":96,"h":121},"sourceSize":{"w":96,"h":121}},"ArrowL":{"frame":{"x":251,"y":267,"w":121,"h":96},"rotated":false,"trimmed":false,"spriteSourceSize":{"x":0,"y":0,"w":121,"h":96},"sourceSize":{"w":121,"h":96}},"ArrowDL":{"frame":{"x":391,"y":0,"w":136,"h":139},"rotated":false,"trimmed":false,"spriteSourceSize":{"x":0,"y":0,"w":136,"h":139},"sourceSize":{"w":136,"h":139}},"ArrowDLL":{"frame":{"x":251,"y":0,"w":139,"h":136},"rotated":false,"trimmed":false,"spriteSourceSize":{"x":0,"y":0,"w":139,"h":136},"sourceSize":{"w":139,"h":136}},"ArrowDLR":{"frame":{"x":391,"y":262,"w":136,"h":139},"rotated":false,"trimmed":false,"spriteSourceSize":{"x":0,"y":0,"w":136,"h":139},"sourceSize":{"w":136,"h":139}},"ArrowDR":{"frame":{"x":0,"y":0,"w":139,"h":136},"rotated":false,"trimmed":false,"spriteSourceSize":{"x":0,"y":0,"w":139,"h":136},"sourceSize":{"w":139,"h":136}},"egg":{"frame":{"x":251,"y":385,"w":50,"h":50},"rotated":false,"trimmed":false,"spriteSourceSize":{"x":0,"y":0,"w":50,"h":50},"sourceSize":{"w":50,"h":50}},"sNest":{"frame":{"x":251,"y":234,"w":79,"h":32},"rotated":false,"trimmed":false,"spriteSourceSize":{"x":0,"y":0,"w":79,"h":32},"sourceSize":{"w":79,"h":32}},"nest":{"frame":{"x":0,"y":554,"w":483,"h":193},"rotated":false,"trimmed":false,"spriteSourceSize":{"x":0,"y":0,"w":483,"h":193},"sourceSize":{"w":483,"h":193}},"smolDrag":{"frame":{"x":302,"y":385,"w":50,"h":20},"rotated":false,"trimmed":false,"spriteSourceSize":{"x":0,"y":0,"w":50,"h":20},"sourceSize":{"w":50,"h":20}},"SmolDrop":{"frame":{"x":251,"y":364,"w":100,"h":20},"rotated":false,"trimmed":false,"spriteSourceSize":{"x":0,"y":0,"w":100,"h":20},"sourceSize":{"w":100,"h":20}},"jump":{"frame":{"x":391,"y":402,"w":100,"h":34},"rotated":false,"trimmed":false,"spriteSourceSize":{"x":0,"y":0,"w":100,"h":34},"sourceSize":{"w":100,"h":34}}},"meta":{"app":"https://www.leshylabs.com/apps/sstool/","version":"Leshy SpriteSheet Tool v0.8.4","image":"sprites.png","size":{"w":527,"h":747},"scale":1}}